"VWC5","EV24","FG","Q","SQ","TN","TX","UG","LAI","rd_imputed"
0.1128,4.53,418.18,24.68,11.77,13.63,25.78,50.19,1.075,0
0.1086,1.89,244.97,10.69,1.02,14.82,22.01,68.89,0.95,0.2
0.1021,4.15,300.8,22.81,10.68,14.03,26.18,59.28,0.825,0
0.0911,4.53,403.75,25.55,13.42,13.52,25.52,51.98,0.7,0
0.0846,4.41,412.01,25.68,12.85,9.03,24.13,57.53,0.575,0
0.0784,2.39,390.93,16.9,5.59,5.39,13.44,65.22,0.45,0
0.0746,2.62,340.67,18.62,7.87,4.16,13.48,65.31,0.325,0.1
0.0731,1.92,208.88,13.35,2.82,2.7,13.68,71.28,0.2,0
0.0729,2.07,263.97,13.25,3.47,7.33,18.96,67.59,0.2625,0
0.0728,2.23,286.37,13.88,3.21,8.04,20.5,75.41,0.325,2.7
0.0773,2.76,213.64,17.41,5.04,8.81,18.9,77.15,0.3875,0.5
0.0794,1.4,341.29,8.64,1.28,9.33,17.84,82.4,0.45,0.7
0.0849,3.56,376.3,20.3,6.35,11.68,24.17,69.61,0.5125,1
0.0883,1.3,264.45,7.6,0.33,14.43,19.22,84.28,0.575,9.7
0.137,0.77,369.6,4.98,0.06,10.58,14.42,94.04,0.6375,7.6
0.2097,1.72,286.63,11.36,0.79,9.25,14.78,78.02,0.7,0
0.2172,2.3,139.35,14.88,3.33,7.51,16.35,81.6,0.8375,0
0.2175,4.07,172.83,24.59,10.24,6.33,21.74,71.81,0.975,0
0.2145,3.28,261.23,18.65,5.53,12.68,21.34,78.78,1.1125,2.6
0.2424,3.83,170.59,21.9,6.27,12.28,24.21,76.86,1.25,0
0.2416,1.38,274.28,7.92,0.72,13.48,20.09,86.39,1.3875,19.2
0.3085,0.75,318.61,4.34,0.04,15.31,19.32,94.77,1.525,26.2
0.3283,2.33,212.25,13.45,3.52,13.32,21.6,80.06,1.6625,1.1
0.3238,1.43,249.77,8.32,2.46,12.8,22.99,91.62,1.8,27
0.3351,2.69,337.99,15.21,2.57,14.44,23.44,87.28,1.7625,7.7
0.3329,2.47,193.35,14.08,3.68,14.24,22.42,89.16,1.725,0.9
0.3186,3.34,200.69,18.52,6.2,13.78,25.67,86.51,1.6875,0
0.3045,4.86,215.81,26.38,12.21,13.75,27.95,73.21,1.65,0
0.2881,4.73,212.87,25.72,12.34,13.17,26.93,73.75,1.6125,0
0.2871,4.02,210.06,21.26,6.98,15.07,27.43,78.2,1.575,5.5
0.301,4.35,250.18,25.13,10.16,11.92,23.31,77.7,1.5375,0
0.2808,4.86,225.75,28.84,12.87,9.43,21.87,65.65,1.5,0
0.2643,4.16,136.76,24.32,8.42,8.26,22.57,67.46,1.3375,0
0.2521,3.14,182.31,17.85,3.97,13.58,22.19,72.03,1.175,0.4
0.2883,2.03,153.02,11.88,1.08,14.56,21.88,87.97,1.0125,19.7
0.3656,1.96,279.16,11.75,1.97,13.84,20.06,91.93,0.85,19.2
0.3521,2.45,296.33,14.71,4.21,12.68,21.04,84.61,0.6875,4.1
0.3562,2.57,187.62,15.58,3.91,10.99,19.35,87.07,0.525,11.7
0.3499,3.2,147.52,19.34,6.6,8.44,21.06,81.4,0.3625,4.9
0.3524,2.1,183.03,12.72,2.19,12.58,19.78,88.17,0.2,7.4
0.3626,2.23,278.67,13.71,2.99,12.72,18.64,86.36,0.25,2.3
0.3444,3.33,204.63,20.15,6.09,11.87,19.3,74.34,0.3,0.1
0.3468,1.23,414.29,7.41,0.47,12.74,19.03,85.99,0.35,14.9
0.3593,1.77,243.29,10.09,0.3,15.54,21.04,92.08,0.4,4.2
0.3448,4.16,214.1,22.44,9.94,15,25.73,79.09,0.45,0
0.3444,4.48,211.94,22.72,8.63,18.66,31.61,78.15,0.5,40.8
0.4106,2.82,216.63,15.36,4.42,15.44,24.04,83.58,0.55,0
0.3962,1.27,186.81,7.72,1.58,11.04,18.53,88.65,0.6,6.9
0.3921,2.89,292.38,18.37,7.51,10.83,19.72,85.27,0.875,2.7
0.3862,1.46,293.58,8.81,2.18,11.69,18.06,89.96,1.15,2.9
0.3756,3.57,216.35,20.53,5.83,12.07,22.8,75.1,1.425,14.1
0.3915,3.12,369.94,18.18,4.43,13.53,21.28,76.47,1.7,0.6
0.3759,1.62,362.2,9.45,1.06,14.62,19.81,86.46,1.975,1.6
0.3739,1.59,394.26,9.13,0.56,14.79,20.99,87.39,2.25,18.9
0.3912,3.33,398.64,20.28,7.64,9.9,19.3,76.69,2.525,4.2
0.3767,3.55,272.31,21.18,7.86,10.28,20.4,74.72,2.8,0
0.3629,3.67,138.39,21.16,8.77,10.05,22.68,77.9,2.775,0
0.353,2.17,372.13,12.96,4.68,10.13,21.32,81.41,2.75,1.5
0.3454,4.01,223.32,24.09,10.69,9.25,21.01,74.9,2.725,0
0.3025,3.63,153.21,21.13,7.1,7.64,22.3,72.79,2.7,0
0.2825,2.56,310.85,14.37,3.52,14.63,22.22,74.33,2.675,0
0.2748,3.55,258.38,19.47,4.97,14.84,24.88,75.41,2.65,0
0.2662,4.65,300.65,24.5,10.41,15.52,29.69,69.12,2.625,0
0.2546,3.28,460.16,18.26,7.13,15.37,23.37,66.3,2.6,0
0.2447,3.71,296.25,21.55,7.29,12.44,23.66,75.88,2.6125,0
0.2361,2.22,230.26,13.76,4.38,9.93,19.24,84,2.625,3.8
0.2336,3.2,267.72,19.65,7.49,8.2,20.16,74.19,2.6375,0
0.2282,3.41,220.89,20.05,9.13,9.37,22.07,72.6,2.65,0
0.2211,2.37,262.15,13.17,2.97,14.38,24.52,79.01,2.6625,0
0.2173,2.32,237.59,12.94,4.6,13.87,24.86,83.48,2.675,1.5
0.2119,4.54,160.35,24.12,11.67,12.62,28.5,72.03,2.6875,0
0.1999,5.18,167.91,26.81,14.75,13.53,30.93,61.17,2.7,0
0.1831,4.75,261.45,23.89,11.11,17.94,34.87,61.7,2.5,0
0.1599,4.7,210.71,24.69,10.75,16.54,28.41,72.11,2.3,21.8
0.1671,3.1,186.92,16.74,5.43,17.49,26.41,81.43,2.1,0.7
0.1783,3.22,208.88,17.24,5.7,18,26.69,83.64,1.9,0
0.1663,2.89,132.74,15.55,5.21,16.59,26.86,82.37,1.7,0
0.1493,2.64,212.25,14.4,3.37,14.74,24.9,80.11,1.5,0
0.1278,3.21,119.94,17.96,5.41,12.49,24.53,74.05,1.3,0
0.1074,2.96,301.11,16.54,4.9,14.1,22.79,76.98,1.1,0.4
0.094,2.52,244.39,14.01,3.53,15.97,24.31,82.98,1.3375,6.3
0.0986,2.47,307.95,14.01,3.68,15.16,23.52,81.87,1.575,0
0.1042,2.2,223.74,12.36,2.33,13.91,23.34,84.08,1.8125,1.6
0.1094,2.61,211.03,15.06,5.32,11.72,21.06,81.71,2.05,3.3
0.1223,2.61,214.52,15.25,4.49,11.25,22.12,79.09,2.2875,5.4
0.1717,0.95,299.28,5.64,0.03,13.5,18.3,96.68,2.525,9.4
0.2616,0.72,427.23,4.2,0.26,15.86,19.43,94.46,2.7625,13.7
0.2731,2.35,377.76,13.43,3.67,12.88,20.97,81.37,3,0
0.2566,2.91,267.53,17.07,6.96,11.62,22.95,81.13,2.7875,0.5
0.2473,2.82,257.37,16.27,6.56,10.08,23.25,82.82,2.575,0
0.237,2.94,339.57,16.47,6.29,9.87,24.29,77.45,2.3625,0
0.2277,2.7,357.53,15.59,6.29,12.41,22.21,74.37,2.15,0
0.2179,2.42,217.35,15.19,6.92,9.78,19.32,79.4,1.9375,2.8
0.2208,2.81,199.67,18.1,7.7,7.26,17.76,79.97,1.725,1.2
0.2303,1,344.76,6.4,0.6,6.09,16,92.37,1.5125,6.4
0.2627,2.21,302.9,12.37,3.69,14.94,23.24,86.54,1.3,0
0.2548,2.6,278.5,14.77,5.15,13.49,23.1,83.18,1.375,0
0.244,2.66,152.97,15.4,4.33,11.5,23.2,77.97,1.45,0
0.2334,3.94,229.71,22.97,11.67,11.34,22.45,73.1,1.525,0
0.2208,3.85,288.38,22.55,11.98,10.5,22.87,74.22,1.6,0
0.2064,4.19,283.4,23.96,13.24,10.79,25.05,64.46,1.675,0
0.1876,4,188.59,22.84,12.92,9.07,25.54,67.34,1.75,0
0.1698,2.57,227.37,14.44,5.1,10.41,26.17,77.08,1.825,2.9
0.1639,2.96,350.03,16.7,7.42,14.67,24.07,72.54,1.9,1.2
0.1733,1.65,426.16,9.71,3.27,13.92,19.55,84.47,1.95,6
0.2294,1.64,294.99,9.44,3.7,12.03,23.38,85.67,2,0.2
0.2295,4.04,142.88,21.81,12.89,10.7,28.48,71.11,2.05,0
0.2205,4.23,188.36,21.73,12.88,15.49,31.81,66.03,2.1,0
0.2075,4.23,172.3,21.54,12.84,16.6,32.88,67.64,2.15,0
0.1905,3.7,223.58,19.21,10.78,17.72,29.79,73.71,2.2,0
0.1702,3.46,294.41,17.95,8.56,16.86,29.86,74.71,2.25,0.8
0.1454,3.13,311.21,16.85,9.25,14.52,27,72.99,2.3,0.5
0.1258,2.32,211.06,13.5,5,10.78,22.7,80.84,2.3,0
0.1096,3.48,105.37,20.45,12.39,7.98,24.12,72.11,2.3,0
0.0924,3.46,154.66,19.64,11.76,9.69,26.07,70.65,2.3,0
0.0788,2.48,196.22,14.39,7.08,11.14,24.15,82.35,2.3,0
0.0674,2.64,233.65,15.26,5.86,9.87,23.31,77.81,2.3,0.7
0.0652,2.5,256.14,14.31,6.03,13.02,23.68,77.68,2.3,0.6
0.0672,1.73,437.36,9.74,3.4,14.4,22.91,81.88,2.3,4.9
0.0706,2.57,195.68,14.81,8.19,12.23,23.35,81.56,2.3,0
0.0696,2.97,127.73,16.84,10.69,10.83,26.35,80.69,2.225,0
0.0684,3.44,171.64,19.06,11.91,11.68,27.01,69.82,2.15,0
0.0666,3.3,246.83,18,11.89,12.14,28.36,70.7,2.075,0
0.0576,2.78,160.41,16.26,8.91,10.96,23.8,79.61,2,0
0.0525,3.08,149.18,17.68,11.27,8.84,26.36,72.22,1.925,0
0.0503,1.44,133.97,8.21,1.53,13.35,23.84,84.06,1.85,0
0.0481,3.18,117.13,17.03,11.34,13.54,29.73,71.45,1.775,0
0.0447,3.2,192.91,16.48,11.47,15,32.62,65.14,1.7,0
0.0406,3.18,193.08,16.41,11.43,16.59,32.42,62.33,1.6375,0
0.0369,2.89,292.62,15.2,8.95,15.39,30.25,66.88,1.575,14.9
0.0443,1.88,271.58,10.84,5.07,14,22.11,79.96,1.5125,0
0.0442,1.45,146.99,8.34,1.77,11.57,20.55,86.36,1.45,0
0.0446,1.31,235.53,7.69,2.63,13.07,19.61,83.65,1.3875,0
0.0435,1.98,169.46,12.27,5.68,9.23,19.88,76.12,1.325,0
0.0413,1.79,98.74,11.17,4.41,6.76,19.92,78.98,1.2625,0
0.0412,2.26,145.9,13.83,9.06,8.5,20.98,71.82,1.2,0
0.0393,1.93,110.88,12.04,6.7,6.71,21.75,78.39,1.175,0
0.0386,2.07,175.99,12.81,8.11,7.62,21.75,80.54,1.15,0
0.0365,2.43,215.54,14.38,10.15,7.54,24.19,70.38,1.125,0
0.0355,2.32,295.95,13.46,9.12,9.76,26.29,70.3,1.1,0
0.0345,1.79,116.28,11.19,6.07,7.25,19.82,81.68,1.075,0
0.0323,2.3,160.18,14.31,9.47,4.86,21.79,73.57,1.05,0
0.0324,1.99,414.63,11.25,6.46,13.95,23.28,63.1,1.025,0
0.0319,1.05,491.42,6.17,2.58,13.87,19.76,79.67,1,1.8
0.0323,1.65,278.98,10.15,4.93,10.82,18.89,78.12,1.025,0.6
0.0328,1.24,215.18,7.76,2.88,9.69,18.08,85.18,1.05,4.3
0.0335,0.88,384.19,5.75,2.11,8.7,15.99,86.84,1.075,1.9
0.0368,1.53,234.92,9.45,5.68,11.39,18.53,80.71,1.1,0
0.0373,1.23,346.53,7.92,4.37,8.71,17.43,79.04,1.125,0
0.0351,2.01,411.72,13.62,10.05,4.9,14.54,70.28,1.15,0
0.0337,0.97,340.14,6.72,1.98,3.2,12.85,78.28,1.175,0
0.0351,0.75,279.58,5.04,2.32,9.21,14.7,82.97,1.2,0
0.0351,1.31,230.17,8.93,4.7,4.67,14.75,76.89,1.175,0
0.0333,1.44,116.48,10.28,7.67,3.49,14.15,81.33,1.15,0
0.0318,1.31,142.4,9.64,6.5,2.3,13.42,79.46,1.125,0
0.0309,0.97,141.68,7.36,2.89,0.04,12.73,87.9,1.1,1.8
0.0338,0.48,353.2,3.3,0,6.9,9.93,84.42,1.075,0
0.0333,1.15,442.35,7.93,5.34,6.44,12.36,76.03,1.05,0
0.0328,1.1,344.97,7.68,5.31,7.5,13.42,77.38,1.025,6.4
0.0493,0.65,258.01,4.36,2.71,8.55,14.9,89.12,1,0.2
0.0568,1.66,236.15,10.53,9.15,6.72,19.74,78.21,1,0
0.0616,0.84,177.86,5.48,2.94,6.53,16.41,89.95,1,0
0.0718,0.64,342.8,4.43,2.69,7.04,13.78,91.54,1,13.9
0.1226,0.54,343.17,3.93,2.19,4.09,11.43,90.36,1,4.1
0.1654,0.31,214.61,2.01,0.11,6.13,11.07,93.58,1,6
0.1898,0.66,183.17,4.88,2.25,6.03,10.36,86.75,1,2.5
0.1969,0.64,138.74,4.85,2.17,-0.53,9.88,89.9,1,0
0.1942,0.43,140.72,4.14,0.6,-1.49,6.69,96.81,1,0
0.1965,0.23,191.35,1.71,0,5.27,9,94.55,1,2.1
0.2037,0.21,102.12,1.41,0,8.43,9.78,94.15,1,0
0.2025,0.93,127.91,6.48,4.8,6.25,12.7,88.83,1,0
0.2012,0.39,312.61,2.65,0.3,7.65,13.35,92.66,1,0
0.2008,0.21,303.27,1.52,0,10.31,13.66,91.52,1,0.5
0.1993,0.98,96.33,6.74,6.51,4.98,15.14,89.72,1,0
0.1965,0.96,72.48,6.91,7.17,4.32,15.26,89.77,1,0
0.1945,1.07,101.65,7.57,8.16,3.66,15.88,89.5,1,0
0.1934,0.64,146.87,4.42,3.56,2.97,14.23,93.87,0.9125,1.2
0.204,0.78,233.65,5.84,5.04,3.06,11.19,90.66,0.825,1.1
0.2158,0.53,217.88,4.22,3.2,2.17,9.83,94.73,0.7375,0.2
0.2148,0.66,301.92,4.88,4.34,5.46,11.05,82.89,0.65,1.3
0.2212,0.49,301.89,3.61,2.32,4.56,10.58,89.3,0.5625,0.9
0.2214,0.4,398.23,3.16,1.82,3.77,8.22,89.52,0.475,1.6
0.2426,0.16,193.41,1.13,0,2.88,6.11,94.21,0.3875,2.8
0.2457,0.53,181.12,4.39,3.55,-0.32,5.2,88.78,0.3,0.7
0.2622,0.19,219.94,1.35,0.04,-0.11,4.84,93.65,0.3,10.4
0.2995,0.16,170.72,1.35,0.43,2.69,7.06,96.03,0.3,13
0.3033,0.31,265.21,2.75,2.61,-2.58,5.3,88.81,0.3,0
0.268,0.36,228.14,3.16,2.1,-2.86,5.23,85.63,0.3,0.2
0.2577,0.19,183.3,1.73,0.1,0.93,4.91,89,0.3,1.3
0.2561,0.32,270.37,2.69,0.89,-1.76,5.68,92.79,0.3,5.3
0.277,0.1,351.74,0.82,0,5.55,11.93,97.96,0.3,11.4
0.3142,0.27,417.98,1.76,1.07,9.53,13.77,93.31,0.3,10.8
0.3144,0.42,505.43,3.04,1.6,8.16,11.8,87.4,0.525,17.7
0.3254,0.46,466.85,3.35,2.6,3.47,9.62,86.18,0.75,4.3
0.2882,0.42,429.52,3.06,2.33,3.91,7.94,79.69,0.975,2.1
0.2732,0.3,606.05,2.03,1.25,4.98,13.69,75.27,1.2,3.9
0.2863,0.24,412.87,1.52,0.28,9.99,14.56,81.94,1.425,2.9
0.2764,0.5,379.57,3.19,2.96,6.92,13.13,76.07,1.65,0
0.2615,0.32,206.66,2.44,1.61,4.98,12.41,91.59,1.875,0.1
0.2527,0.45,492.32,3.2,3.18,4.4,9.73,82.44,2.1,0
0.2338,0.63,387.18,5.31,7.37,-0.03,8.08,76.61,2.15,0
0.2219,0.37,127.19,3.69,2.96,-2.67,4.44,91.95,2.2,0
0.22,0.36,162.43,2.85,2.11,-0.38,9.01,89.52,2.25,0
0.2176,0.6,277.14,4.91,7.16,-3.74,3.88,82.37,2.3,0
0.2142,0.6,124.18,5.68,7.12,-6.94,3.1,86.25,2.35,0
0.2114,0.5,277.91,4.8,6.06,-7.77,4.71,81.59,2.4,0
0.2147,0.16,340.75,1.29,0.07,2.99,7.77,89.89,2.45,0.3
0.2175,0.2,176.98,1.61,0.67,-0.9,9.17,93.15,2.5,1.3
0.2154,0.4,75.66,3.87,4.94,-4.61,5.64,94.58,2.2625,0
0.2123,0.48,224.17,4.87,6.97,-5.01,3.29,82.27,2.025,0
0.2094,0.43,106.98,4.36,6.91,-5.48,4.81,83.02,1.7875,0
0.2063,0.48,122.16,4.33,6.83,-5.47,6.21,89.54,1.55,0
0.2117,0.24,295.74,1.86,0.98,0.53,9.05,77.16,1.3125,0
0.2221,0.39,395.6,2.83,2.99,4.92,9.37,70.62,1.075,0
0.2213,0.25,342.04,1.73,1.73,6.57,12.09,85.41,0.8375,0.1
0.2197,0.17,362.22,1.26,0.82,5.46,9.49,91.1,0.6,4.1
0.2358,0.25,401.04,1.82,0.57,6.56,9.93,88.64,0.7875,0
0.2327,0.18,193.92,1.43,0.66,2.39,8.15,93.6,0.975,1.3
0.2289,0.12,231.17,0.98,0.01,4.19,7.51,93.43,1.1625,0.6
0.2284,0.33,185.26,2.42,2.66,4.69,10.29,93.46,1.35,0
0.2254,0.19,275.82,1.34,0.57,5.02,8.31,92.13,1.5375,0
0.2223,0.4,215.82,3.05,4.27,2.58,7.5,86.19,1.725,0.1
0.22,0.18,172.34,1.2,0.51,2.22,6.88,94.26,1.9125,0.2
0.2197,0.2,181.23,1.47,0.6,4.9,8.05,95.01,2.1,0
0.2177,0.37,172.9,3.01,4.55,-0.67,6.99,93.35,2.1,0
0.2141,0.38,185.61,3.54,5.77,-2.84,4.58,91.22,2.1,0
0.2126,0.3,391.81,2.56,2.17,-0.99,8,84.27,2.1,15.1
0.3014,0.1,290.88,0.9,0,4.05,6.58,95.07,2.1,0
0.2743,0.29,457.8,2.66,3.19,3.67,8.39,88.48,2.1,0.9
0.2611,0.3,525.97,2.17,1.25,5.93,8.68,85.26,2.1,1.4
0.2553,0.1,615.53,0.51,0,7.81,11.15,90.47,2.1,2.9
0.2571,0.34,491.4,2.69,3.43,2.94,11.22,80.83,2.1,1.2
0.2508,0.4,269.38,3.43,5.77,1.04,8.7,89.53,2.03333333333333,0
0.2561,0.18,129.63,1.58,0.7,-3.39,4.53,95.37,1.96666666666667,0
0.2503,0.33,66.04,3.34,3.8,-5.52,2.3,95.4,1.9,0
0.2419,0.42,149.44,4.34,6.73,-6.78,3.48,93.61,1.83333333333333,0
0.2408,0.12,282.28,1.1,0.29,-2.89,0.45,98.11,1.76666666666667,0
0.2472,0.16,378.21,1.57,0.65,-2.2,0.55,95.04,1.7,2.9
0.2568,0.4,217.07,3.67,5.32,-1.02,5.9,92.19,1.625,0.4
0.2586,0.23,442.95,2.19,1.88,-1.18,4.84,90.98,1.55,3.6
0.2648,0.32,424.53,2.62,2.52,0.99,6.44,84.43,1.475,2.5
0.2588,0.45,197.28,4.39,6.36,-6.44,2.57,81.9,1.4,0
0.2398,0.47,174.92,5.47,6.65,-7.91,-0.76,80.11,1.325,1.5
0.2338,0.1,332.29,0.84,0,-3.19,0.72,92.8,1.25,1.4
0.2576,0.19,121.53,1.41,0,0.59,4.51,98.75,1.175,0.1
0.2744,0.23,333.05,1.96,0.35,1.93,5.62,93.78,1.1,6
0.3009,0.26,283.17,2.02,1.37,2.13,6.03,94.26,1.3,0.3
0.2813,0.17,552.99,1.12,0.86,4.65,9.72,82.27,1.5,0.7
0.2854,0.4,463.44,2.96,2.33,1.5,7.18,82.76,1.7,22.4
0.358,0.37,469.18,3.25,3.27,0.12,4.44,88.98,1.9,5.5
0.3255,0.31,328.27,2.7,2.09,-0.24,4.11,88.83,2.1,4
0.3048,0.39,171.46,3.81,3.46,-2.77,2.54,95.67,2.3,0
0.2921,0.08,160.11,1.02,0.23,-4.59,0.01,95.42,2.5,0
0.2763,0.5,188.57,4.93,6.02,-4.95,-0.38,87.57,2.7,0
0.2616,0.32,185.56,3.32,3.43,-5.64,-1.27,90.52,2.5375,0
0.2466,0.61,137.35,6.34,7.13,-6.5,2.66,81.36,2.375,0
0.2042,0.52,160.09,4.96,6.42,-6.61,3.82,72.73,2.2125,0
0.1676,0.59,188.51,5.66,7.58,-5.62,4.23,79.4,2.05,0
0.0976,0.57,68.32,6.04,7.41,-8.35,3.1,86.45,1.8875,0
0.0972,0.16,139.07,1.47,0.03,-4.37,0.94,89.09,1.725,0.2
0.1249,0.17,128.92,1.5,0,-0.45,1.56,95.96,1.5625,0
0.1661,0.27,196.46,2.76,2.25,-5.06,0.04,83.3,1.4,0
0.1459,0.6,208.31,6.46,7.58,-6.09,1.52,78.02,1.2625,0
0.1063,0.51,276.54,4.25,5.07,-4.84,7,69.53,1.125,0
0.1291,0.55,289.55,4.53,4.5,1.04,9.67,68.8,0.9875,0.8
0.1819,0.47,368.21,3.71,3.3,2.88,7.51,86.84,0.85,7
0.3113,0.12,375.48,1.06,0.05,2.44,7.59,94.04,0.7125,0.5
0.3107,0.23,141.22,1.85,0.24,2.05,4.65,87.39,0.575,0
0.2883,0.45,320.69,3.65,2.21,-0.26,6.2,84.19,0.4375,0.8
0.2815,0.72,324.83,5.11,4.64,5.07,12.67,83.73,0.3,0.2
0.2754,0.44,299.33,3.1,1.19,5.57,11.76,82.12,0.3375,0.9
0.2768,0.3,281.43,2.31,0.43,2.81,7.87,89.99,0.375,6.4
0.292,0.69,241.75,5.52,5.59,1.27,8.82,86.7,0.4125,0
0.2772,0.52,152.99,4.53,2.41,-0.11,7.79,85.25,0.45,0
0.2762,0.2,276.17,1.54,0,2.24,4.83,93.24,0.4875,3.9
0.2854,0.23,311.49,1.93,0,-0.19,3.15,90.09,0.525,0
0.2726,0.31,324.09,2.76,0.21,-2.71,1.35,83.19,0.5625,0
0.2638,0.16,318.55,1.56,0,-3.08,-0.04,82.79,0.6,1.6
0.2628,0.24,281.44,2.21,0.21,-1.29,1.75,91.83,0.5625,3.6
0.2806,0.52,373.08,3.98,2.72,0.26,5.95,85.95,0.525,0
0.2681,1,440.33,8.43,8.29,-0.79,8.54,74.73,0.4875,0
0.2595,1.03,246.79,8.69,8.79,-1.39,10.33,69.57,0.45,0
0.2547,1.09,191.3,8.44,8.19,-1.2,15.32,73.2,0.4125,0
0.2527,0.83,240.12,6.15,3.98,3.14,11.37,89.16,0.375,0.8
0.2504,0.36,273.18,2.71,0.78,2.9,9.43,91.77,0.3375,0.4
0.2479,0.79,139.82,6.06,3.74,0.73,10.56,84.79,0.3,0
0.2441,0.3,299.91,2.26,0.27,0.34,7.7,90.77,0.275,0.5
0.2441,0.21,463.56,1.56,0,6.84,11.2,95.13,0.25,4.2
0.2516,1.14,387.34,8.06,5.65,7.93,12.46,84.88,0.225,3.3
0.2647,0.18,638.38,1.26,0,8.68,11.15,91.64,0.2,33.3
0.3441,0.42,830.92,2.78,1.1,4.1,10.99,82.71,0.175,5.2
0.3219,0.89,325.25,7.2,5.91,-1.35,7.99,81.61,0.15,0.5
0.3096,0.65,435.73,5.31,3.68,-0.38,8.17,76.68,0.125,0.3
0.2996,0.47,496.19,3.25,0.18,6.46,10.82,79.25,0.1,0.3
0.2962,0.45,600.37,3.25,0.46,5.76,12.24,74.15,0.1625,7.6
0.3005,0.63,559.53,5.07,1.91,1.56,9.44,78.86,0.225,10.8
0.3191,0.75,402.4,5.84,2.23,2.33,9.45,86.53,0.2875,2.2
0.3119,0.47,620.29,3.5,0.66,3.05,8.55,71.95,0.35,0.2
0.2975,0.71,298.06,5.34,1.7,0.61,10.54,72.29,0.4125,0
0.2969,0.74,293.05,4.98,0.86,6.16,14.33,77.43,0.475,11.7
0.3301,0.99,491.93,7.35,4.35,4.6,10.81,82.17,0.5375,6.5
0.3274,0.62,247.12,4.78,1.81,3.97,8.64,89.3,0.6,1
0.3117,0.7,227.47,5.34,2.29,0.46,10.03,87.77,0.575,2.3
0.332,0.22,377.1,1.68,0,1.24,10.42,93.45,0.55,14.3
0.337,0.74,361.48,5.28,3.03,4.05,13.51,85.57,0.525,0.4
0.3213,1.64,133.61,12.51,8.66,-0.02,11.73,77.81,0.5,0
0.3081,1.29,171.58,9.37,5.74,1.19,13.08,69.1,0.475,0
0.2971,1.92,272.73,13.53,9.22,2.89,15.18,59.05,0.45,0
0.287,1.42,195.23,10.55,6.02,0.78,14.98,73.82,0.425,0
0.2786,1.78,311.82,12.59,7.24,2.86,16.23,81.16,0.4,0
0.2712,1.8,161,12.57,7.17,2.1,15.18,77.03,0.425,0
0.2646,2.09,180.3,14.76,10.63,0.11,17.44,73.94,0.45,0
0.2596,1.21,440.9,8.39,3.94,6.05,10.93,67.82,0.475,9.1
0.2701,0.47,470.91,3.11,0.08,6.41,12.77,93.43,0.5,6.5
0.2803,0.53,576.07,3.42,0.06,9.58,13.03,85.34,0.525,0.4
0.2752,0.58,585.06,3.98,0.12,9.34,12.3,84.31,0.55,2.6
0.2704,1.54,373.28,11.3,6.39,1.62,11.22,72.16,0.575,1.1
0.2625,1.95,261.47,14.81,8.98,-1.08,12.45,68.36,0.6,0
0.2564,2.28,368.35,16.08,9.78,1.3,14.65,72.05,0.6125,0
0.2501,2.18,421.17,15.22,9.23,4.28,14.2,69.05,0.625,0
0.2421,2.43,438.35,17.18,10.98,2.15,15.48,56.36,0.6375,0
0.2344,2.26,312.29,15.9,8.48,2.84,14.5,73.44,0.65,0
0.2286,2.69,224.15,18.52,11.62,1.65,17.91,60.43,0.6625,0
0.2215,2.66,243.34,17.29,11.24,1.52,20.08,63.22,0.675,0
0.2144,1.12,367.84,7.11,1.5,8.54,16.32,76.05,0.6875,0
0.2054,2.68,307.61,16.02,8.67,9.76,22.5,62.29,0.7,0
0.1916,2.46,305.11,14.66,6.9,9.13,23.41,66.5,0.7625,0.4
0.1816,0.96,185.86,6.33,0.58,7.36,14.87,88.63,0.825,1.2
0.1774,2.38,210.4,15.96,8.73,4.98,18,79.75,0.8875,0
0.1693,1.85,111.05,13.1,5.79,3.52,15.25,85.17,0.95,0
0.1584,2.31,144.34,15.38,8.6,1.85,17,72.87,1.0125,0
0.143,1.44,288.64,10.24,2.09,4.41,14.21,78.97,1.075,0.1
0.128,1.02,223.34,7.45,1.53,2.83,10.99,78.04,1.1375,0.1
0.1166,1.2,230.39,8.38,1.38,2.04,14.03,74.81,1.2,0
0.1041,1.98,119.25,13.57,5.16,3.24,15.18,73.24,1.15,0
0.0926,3.24,122.1,20.8,11.92,0.52,22.89,64.2,1.1,0
0.0838,1.8,324.26,11.84,4.62,3.84,14.79,69.33,1.05,0
0.0759,1.85,281.09,13.13,5.79,1.28,15.43,72.99,1,0
0.0706,1.11,449.87,7.71,0.79,6.09,13.15,77.78,0.95,1.1
0.0686,1.93,324.63,13.53,5.17,1.97,14.09,75.55,0.9,0
0.0659,0.77,247.53,5.63,0.28,1.67,11.96,76.31,0.85,0.8
0.0659,1.53,417.96,10.6,3.8,4.51,12.97,72.07,0.8,0
0.0642,1.5,298.72,10.87,3.24,4.39,11.88,72.58,0.825,11.4
0.1714,2.05,350.4,15.56,6.78,1.56,11.86,75.6,0.85,0.5
0.2005,2.25,281.45,17.5,9.88,-0.88,11.07,71.25,0.875,0
0.185,2.29,286.65,18.84,9.32,-1.97,9.24,60.63,0.9,0
0.1651,2.96,117.67,23.08,13.21,-4.17,12.84,59.77,0.925,0
0.1457,1.3,345.11,8.91,0.67,3.76,15.41,68.81,0.95,2.4
0.1297,1.8,334.25,13.06,4.55,3.17,11.56,70.17,0.975,0
0.1152,1.72,221.73,13.06,5.01,0.91,11.37,72.96,1,0
0.1007,2.11,366.04,14.67,3.63,0.83,15.48,68.45,1.025,1.1
0.0903,2.62,376.23,20.11,10.34,-0.15,11.07,71.21,1.05,0.7
0.0812,2.46,214.9,18.04,8.46,-0.62,11.82,72.62,1.075,0
0.0734,2.09,208.68,16.46,7.51,-2.37,12.14,70.42,1.1,0
0.0688,1.57,253.66,11.4,3.78,0.71,12.39,75.18,1.125,0.2
0.0644,2.35,160.7,17.03,7.55,-0.45,13.94,65.8,1.15,0
0.0591,3.76,482.78,23.96,12.1,3.29,19.43,46.25,1.175,1.1
0.0563,1.19,246.64,7.97,0.49,5.73,13.45,74.18,1.2,0.6
0.0566,1.17,194.18,8.04,1.56,4.61,14.94,88.77,1.175,4.4
0.059,1.53,248.6,10.19,1.67,7.51,15.48,82.45,1.15,4.8
0.1281,1.79,392.62,11.96,1.73,8.18,15.11,80.38,1.125,0.2
0.1564,1,277.15,7.1,0.76,5.72,12.37,86.67,1.1,0
0.1415,3.86,343.54,24.22,10.91,5.49,20.33,72.25,1.075,0
0.1186,1.62,300.89,10.48,1.71,7.79,17.18,79.89,1.05,0
0.106,1.37,278.77,9.4,3.08,3.99,15.21,72.96,1.025,0
0.0923,3.24,199.47,22.97,11,0.76,14.81,64.94,1,0
0.0791,4,152.57,27.25,14.04,-0.34,17.63,62.33,1.0125,0
0.0692,3.19,253.72,19.29,7.82,5.31,23.59,68.38,1.025,3.3
0.0666,2.9,284.43,16.98,4.84,12.09,22.72,75.57,1.0375,1
0.0657,2.97,277.84,17.71,5.76,9.49,22.24,79.22,1.05,0.8
0.0623,3.04,290.66,18.51,7.26,7.74,21.93,70.02,1.0625,0
0.0577,4.42,192.56,26.34,11.87,4.9,22.68,58.85,1.075,0
0.0559,3.33,214.34,17.75,4.09,15.4,27.75,59.7,1.0875,0
0.0537,4.96,277.33,25.64,11.81,14.7,30.19,51.84,1.1,3
0.0522,1.49,244.26,8.59,1.17,15.55,21.5,84.21,1.1625,2.4
0.0549,1.17,352.3,7.49,0.31,9.44,16.84,83.94,1.225,3.1
0.0835,3.3,257.46,20.88,9.23,7.11,18.24,72.73,1.2875,0
0.0907,3.62,141.4,22.08,10.38,5.58,21.35,62.63,1.35,0
0.085,4.65,182.99,26.19,12.13,7.93,25.45,57.73,1.4125,0
0.0766,4.28,306.1,24.66,11.9,10.91,23.64,62.4,1.475,0
0.0679,3.35,257.14,19.06,6.7,9.28,24.06,70.77,1.5375,0
0.0615,4.8,213.58,27.74,12.84,8.69,24.8,69.44,1.6,0
0.0557,5.38,300.73,29.02,14.71,11.87,27.72,57.66,1.475,0
0.051,5.58,294.76,28.64,14.23,13.6,32.42,53.12,1.35,2.5
0.0493,3.93,178.15,21.11,8.14,15.65,27.8,70.49,1.225,1.3
0.0503,4.56,250.76,23.8,9.47,16.28,32.93,65.33,1.1,2.6
0.0501,3.17,359.97,17.51,5.46,12.88,24.75,71.4,0.975,0
0.0487,3.58,253.75,20.87,8.53,11.29,24.32,68.98,0.85,0
0.0469,4.96,151.83,28.34,14.42,8.56,25.85,61.46,0.725,0
0.0444,4.53,162.14,24.17,9.57,11.78,29.16,57.39,0.6,0
0.0458,3.16,221.5,17.33,4.09,15.05,25.5,72.7,0.8,8.1
0.0489,3.51,285.38,20.7,9.56,9.09,20.89,67.7,1,0
0.0462,3.82,290.01,22.22,7.9,7.96,23.24,58.22,1.2,2.3
0.0476,2.68,588.82,15.88,5.8,12.52,18.66,66.22,1.4,5.1
0.0471,2.52,615.87,15.54,6.49,10.89,18.84,64.75,1.6,0.7
0.0459,3.46,382.22,19.58,5.47,12.09,24.59,64.32,1.8,4.8
0.0571,2.74,320.98,16.12,6.89,10.92,20.99,74.35,2,7.5
0.0723,4.59,248.29,26.13,12.47,9.61,24.71,65.78,2.2,0
0.0699,3.58,290.04,19.17,4.79,14.47,28.87,59.93,2.1125,0
0.0606,2.08,428.22,12.28,3.19,13.18,18.78,65.94,2.025,0
0.0541,2.68,226.31,16.01,6.41,9.39,21.05,70.36,1.9375,0
0.0492,5.19,184.61,29.52,14.84,7.81,25.41,60.68,1.85,0
0.0451,4.45,330.08,23.78,10.58,12.23,29.46,57.92,1.7625,0
0.0416,2.42,353.74,14.25,4.65,9.56,20.51,68.55,1.675,0
0.0387,2,219.48,11.07,0.51,11.13,23.28,73.74,1.5875,0
0.0381,4.66,126.46,25.13,12.73,11.33,28.25,69.67,1.5,0
0.0371,5.68,150.73,29.23,15.08,14.33,31.89,57.25,1.5,0
0.0349,5.13,295.31,26.52,11.95,15.93,30.79,63.52,1.5,0
0.0324,5.19,236.98,27.22,13.35,14.39,30.34,58.74,1.5,0
0.0304,4.71,402.11,23.74,9.28,17.89,34.9,58.07,1.5,0.3
0.0281,3.94,416.12,21.49,7.32,15.98,26.38,64.09,1.5,0
0.025,1.34,434.07,7.81,1.35,14.3,19.59,81.24,1.5,1.6
0.0249,1.84,399.52,10.28,1.91,16.2,21.18,76.36,1.5,0.4
0.0252,4.82,273.11,27.39,11.81,13.23,23.59,61.05,1.5,0
0.0231,1.58,301.31,9.24,0.84,11.66,20.97,73.97,1.65,2.5
0.028,1.65,242.45,9.45,2.09,14.06,22.16,89.5,1.8,11
0.0365,2.38,221.77,13.72,1.64,12.68,22.64,79.85,1.95,0
0.0379,2.69,305.65,15.46,2.47,12.27,22.72,76.97,2.1,12.5
0.0552,1.09,274.99,6.46,1.43,13.05,19.81,92.04,2.25,1.2
0.0694,2.58,285.13,15.31,5.6,9.06,20.91,81.42,2.4,1
0.0738,3.65,299.93,21.2,8.81,7.51,23.64,69.16,2.55,0
0.0767,3.07,168.26,17.04,4.47,13.94,23.76,78.32,2.7,0
0.079,4.28,149.08,23.49,10.52,12.39,27.33,70.56,2.725,0
0.0797,3.75,172.22,20.27,7.72,11.74,28.07,74.46,2.75,10.1
0.0881,4.46,279.72,23.73,10.56,15.74,28.22,77.33,2.775,0
0.0962,3.4,196.37,19.26,4.99,14.18,27.23,73.26,2.8,0
0.0963,4.8,155.5,26.81,12.48,12.2,25.12,65.2,2.825,0
0.0936,3.44,186.68,19.02,4.24,15.04,27.44,72.59,2.85,0
0.0887,2.56,312.94,14.48,1.99,14.52,22.89,74.6,2.875,20.2
0.1303,1.51,294.49,9.03,3.6,9.32,18.4,87.28,2.9,26.8
0.1622,3.58,97.23,21.59,8.13,7.09,21.31,71.91,2.9375,0
0.1673,2.35,232.98,14.46,5.38,9.24,20.6,78.47,2.975,4.5
0.1789,3.02,197.17,17.41,4.78,9.87,21.61,72.37,3.0125,0.1
0.1817,1.69,236.31,9.47,0.76,15.95,22.63,84.14,3.05,4.5
0.192,4.64,191.58,26.14,10.24,13.82,24.06,71.95,3.0875,0
0.1932,5,307.23,27.58,12.14,12.1,27.15,64.03,3.125,0
0.19,3.38,279.3,17.7,7.52,18.07,30.72,69.18,3.1625,5
0.2327,2.95,318.41,16.29,4.46,12.93,26.12,78.27,3.2,0
0.2279,4.83,204.49,27.21,13.33,10.17,24.46,61.45,2.8125,0
0.219,3.58,230.34,19.58,5.22,14.9,26.51,71.34,2.425,10.1
0.2401,2.68,327.62,15.88,5.77,13.52,20.86,84.77,2.0375,13.5
0.2728,2.69,179.09,15.96,4.92,13.29,20.3,85.81,1.65,4.2
0.2589,1.94,323.41,11.43,2.26,13.62,20.04,88.36,1.2625,6.2
0.2555,3.73,268.33,20.84,8.25,14.57,23.67,77.11,0.875,0
0.2445,2.85,328.05,16.15,4.58,13.66,21.63,74.63,0.4875,0
0.2345,2.26,388.75,13.2,3.92,13.03,21.55,77.56,0.1,1.4
0.2281,2.24,354.43,12.11,1.95,16.05,24.77,72.28,0.1875,0
0.2219,3.33,376.4,18.07,8.21,13.96,25.71,73.38,0.275,1.1
0.2137,3.8,181.21,21.39,8.94,12.3,24.58,71.68,0.3625,0
0.2062,2.11,106.69,11.86,2.68,13.29,23.44,79.07,0.45,0
0.199,2.29,204.28,13.07,1.86,14.09,23.66,79.27,0.5375,2.7
0.1926,2.85,454.63,15.48,6.63,16.16,24.08,72.12,0.625,0
0.1846,2.5,418.68,14.35,3.81,11.98,22.76,71.98,0.7125,1.5
0.1768,1.82,219.28,10.96,2.83,10.25,20.18,86.91,0.8,1.9779
0.1775,3.59,175.67,21.5,10.98,8.64,22.42,75.82,0.8625,0
0.1746,4.14,150.83,23.94,12.73,8.34,24.28,69.1,0.925,0
0.1691,0.88,212.01,5.19,0,12.94,19.27,88.37,0.9875,3.3
0.1674,3.13,280.12,17.9,6.56,12.22,22.17,76.92,1.05,0.4
0.1659,0.85,119.02,5.1,0.61,12.33,18.13,90.88,1.1125,7.9
0.1848,2.22,172.91,13.05,2.75,14,20.6,78.91,1.175,2.3
0.2155,1.4,327.66,8.2,1.85,13.13,21.14,89.2,1.2375,0.6
0.2194,2.69,169.35,15.57,5.25,10.76,22.32,82.21,1.3,0
0.2128,3.82,178.11,21.45,10.36,10.84,25.71,75.02,1.35,0
0.2037,1.56,174.41,8.79,2.59,13.63,24.97,87.38,1.4,2.8
0.1973,2.85,112.53,16.27,4.82,12.36,23.92,83.26,1.45,0
0.189,1.05,284.74,6.11,0.7,12.33,21.21,88.19,1.5,0.6
0.1832,1.7,283.79,8.67,1.81,10.87,21.12,88.09,1.55,4.3
0.1803,2.26,384.28,13.76,5.93,11.72,19.72,80.96,1.6,2.8
0.1782,2.51,286.69,15.12,6.34,11.23,20.17,78.7,1.65,0
0.1723,3.31,119.61,18.96,9.49,9.2,22.51,76.8,1.7,0
0.1643,3.46,167.87,19.61,9.64,12.02,24.37,70.6,1.75,0
0.1533,3.58,244.45,19.63,9.93,12.53,27.08,68.35,1.8,0
0.1393,2.47,268.98,14.12,5.21,11.88,23.82,77.72,1.85,0
0.1242,2.97,130.11,16.79,7.08,10.07,24.15,73.75,1.9,0
0.1106,2.96,132.73,16.33,6.04,12.63,26.08,72.89,1.95,0
0.0976,3.59,121.46,20.22,11.25,12.37,25.2,72.16,2,0
0.0859,3.43,97.98,18.95,10.26,11.13,28.03,73.26,2.05,0
0.0777,3.7,142.37,19.36,11.21,13.06,31.05,71.82,2.1,4.3
0.0746,1.59,226.91,8.97,0.8,14.39,24.32,88.56,2.1,18.4
0.0758,2,214.14,12.18,4.97,10.78,19.86,84.04,2.1,0
0.0733,2.34,118.94,14.16,6.39,9.14,20.8,81.04,2.1,0
0.0721,2.58,141.55,15.95,7.98,8.23,20.26,78.87,2.1,0
0.0691,2.63,107.42,16.26,8.6,6.43,20.82,78.7,2.1,0
0.0683,2.16,199.18,12.94,4.21,9.09,22.08,78.31,2.1,0
0.0685,1.72,223.68,9.47,2.05,15.9,23.78,82.92,2.1,3.3
0.0684,1.72,377.32,10.17,3.52,13.01,19.66,78.26,2.1,1
0.0671,1.63,326.7,9.64,2.56,11.02,19.25,78.67,1.95,0.7
0.0669,0.48,502.3,2.94,0,13.89,16.13,89.71,1.8,7.3
0.0707,1.65,270.77,10.44,3.87,9.02,17.87,89.61,1.65,0.9
0.0707,2.23,452.15,13.98,8.18,7.78,18.33,80.35,1.5,0.8
0.0705,1.8,617.28,10.93,5.64,12.63,18.61,78.2,1.35,2
0.0693,2.28,453.25,14.08,8.72,11.5,18.1,79.47,1.2,7.5
0.0709,2,682.5,12.42,6.06,11.2,19.06,77.95,1.05,6.8
0.1054,1.19,467.35,8.03,2.37,9.07,14.44,90.5,0.9,13.3
0.2246,1.65,278.63,11,5,6.46,16.2,89.36,1.025,2.2
0.2324,1.69,196.42,11.31,5.62,6.38,15.67,87.35,1.15,0
0.227,2.12,122.91,14.11,7.78,5.29,17.11,84.54,1.275,2.2
0.2299,1.17,238.73,7.76,2.36,8.04,15.74,92.08,1.4,11.6
0.2616,1.33,151.26,8.67,3.5,8.26,16.25,91.04,1.525,0
0.2528,1.8,217.17,11.53,5.63,8.26,17.66,84.53,1.65,0
0.2438,2.12,175.31,13.62,10.05,7.95,19.02,79.78,1.775,0
0.2357,1.63,120.6,10.35,4.39,6.19,20.04,86.07,1.9,0
0.2291,2.02,87.88,13.24,7.32,5.43,18.22,85.54,1.7375,0
0.2229,2.14,149.81,13.53,8.81,5.22,20.01,85.61,1.575,0
0.2177,1.59,189.79,9.94,4.02,8.45,19.04,88.31,1.4125,0
0.2131,1.47,179.29,9.24,4.48,9.05,18.62,91.59,1.25,0
0.2093,2.03,166.28,12.27,7.43,7.5,21.43,81.58,1.0875,1.2
0.2056,1.23,178.85,7.05,1.83,12.74,21.13,89.01,0.925,0.5
0.2025,1.9,198.66,10.75,5.61,12.84,23.48,87.25,0.7625,10.1
0.2046,0.52,163.83,3.1,0.93,8.4,16.34,95.51,0.6,3.1
0.2291,1.54,376.08,9.46,4.51,8.95,18.66,77.39,0.7,0.4
0.2299,1.39,503.93,8.38,3.96,12.58,19.13,78.24,0.8,1.2
0.2242,1.54,338.71,9.8,6.77,10.29,16.26,81.22,0.9,0
0.2183,1,440.65,6.38,1.08,9.65,14.62,76.62,1,7
0.2227,1.17,518.31,7.48,4.82,7.29,15.64,83.4,1.1,2.7
0.243,1.47,313.9,9.58,5.95,6.9,14.81,86.12,1.2,2.1
0.2412,0.34,451.63,2.25,0,9.25,12.42,89.67,1.3,7.8
0.2716,0.88,187.93,5.77,2.65,7.53,14.96,91.18,1.4,0.7
0.2652,0.63,199.18,3.97,0.14,7.21,14.79,92.03,1.35,0
0.259,0.87,375.47,5.22,1.83,12.2,16.36,88.46,1.3,0.2
0.2521,0.59,480.91,3.65,0.01,12.9,15.91,78.45,1.25,0
0.2438,1.27,355.66,7.98,4.91,8.75,16.31,80.47,1.2,0
0.2368,1.37,270.77,7.98,4.59,8.72,19.94,86.6,1.15,0
0.2319,1.78,217.16,10.62,9.21,10.74,21.62,87.78,1.1,0
0.2267,1.76,229.39,10.47,9.19,9.03,23.23,80.57,1.05,0
0.2231,1.66,266.29,9.29,8.06,13.81,24.86,76,1,0
0.2193,0.84,167.19,5.17,0.67,10.37,17.25,87.97,0.9625,0
0.2157,1.43,137.03,8.82,6.98,9.98,20.27,88.94,0.925,0
0.2122,1.44,228.89,8.7,8.65,9.99,21.14,79.65,0.8875,0.8
0.2102,0.72,506.42,4.56,2.42,10.01,17.08,78.06,0.85,2.4
0.2093,0.86,407.39,5.38,4.27,9.61,17.98,78.13,0.8125,5.2
0.2154,0.61,495.41,4.14,1.56,9.08,12.78,86.81,0.775,2.5
0.2241,0.88,351.27,5.76,4.24,8.49,15.64,84.44,0.7375,0.4
0.2232,0.32,376.38,1.94,0,12.52,16.56,94.76,0.7,0
0.2228,0.42,343.39,2.59,0.89,10.41,16.51,90.74,0.75,0
0.2204,0.66,226.81,4.14,1.65,10.97,16.91,92.51,0.8,0
0.2171,1.06,269.75,7.05,7.16,8.09,14.47,80.41,0.85,0
0.212,0.41,496.4,2.63,0.06,7.77,14.4,87.57,0.9,7.7
0.2177,0.9,457.6,6.27,6.02,5.2,14.33,77.02,0.95,0.3
0.2204,0.94,180.04,7.14,7.39,3.62,11.74,81.59,1,0
0.2187,0.42,326.56,2.68,0.05,6.44,10.79,84.73,1.05,0.1
0.2154,0.8,304.73,5.38,4.24,8.63,13.98,80.51,1.1,0
0.2113,0.54,243.19,3.67,1.81,5.54,12.73,88.14,0.975,0.1
0.2089,0.57,157.45,4.04,2.58,5.3,12.9,93.8,0.85,0
0.2063,0.8,296.29,5.36,4.55,4.9,15.24,89.24,0.725,7.1
0.2095,0.66,220.97,4.84,4.39,1.72,11.51,90.44,0.6,1.2
0.2257,0.89,109.53,6.51,7.17,-0.83,10.63,89.09,0.475,0
0.2275,0.58,104.91,5.34,5.19,-2.37,7.84,93.25,0.35,0
0.2292,0.15,143.22,1.23,0,4.1,7.36,95.51,0.225,0
0.2294,0.49,305.48,3.37,1.63,5.63,9.63,90.75,0.1,0.3
0.229,0.35,426.48,2.68,2.3,3.86,11.73,86.37,0.3125,1.3
0.2292,0.23,267.69,1.88,0.4,3.08,8.42,92.18,0.525,1.4
0.2321,0.38,223.82,2.87,2.18,2.78,6.68,93.19,0.7375,2.2
0.2394,0.72,222.11,5.75,7.29,0.17,9.93,86.65,0.95,0
0.2417,0.41,348.04,3.2,1.13,-0.25,9.15,89.47,1.1625,0.3
0.2403,0.17,229.3,1.3,0,7.41,9.39,96.96,1.375,1
0.2393,0.19,241.53,1.3,0.14,7.61,9.87,95.84,1.5875,0.5
0.2395,0.6,127.66,4.9,5.66,0.58,10.19,86.95,1.8,0
0.2384,0.37,357.96,2.82,1.01,1.5,8,86.37,1.7125,2.5
0.2381,0.56,307.47,4.5,5.54,2.11,9.56,86.25,1.625,2.3
0.2432,0.1,403.44,0.82,0,3.61,11.07,93.89,1.5375,12.6
0.2731,0.1,465.6,0.72,0,9.71,11.78,92.27,1.45,3.2
0.2752,0.63,526.89,4.26,4.53,9.34,13.24,73.72,1.3625,0
0.2658,0.35,572.05,2.23,2.05,6.93,15.35,72.09,1.275,10.3
0.2732,0.3,168.67,2.2,1.61,3.97,9.45,93.61,1.1875,1.8
0.2755,0.41,237.5,3.26,1.94,0.33,6.76,90.84,1.1,0.8
0.2689,0.34,407.14,2.84,2.5,1.91,6.79,87.28,1,1.9
0.2693,0.09,535.08,0.64,0,3.04,8.15,91.84,0.9,11.8
0.2839,0.48,335.25,3.18,3.37,-0.26,7.45,91.47,0.8,0.3
0.2755,0.22,161.84,1.48,0,-1.37,3.25,95.84,0.7,0.1
0.2687,0.24,202.13,1.99,0.77,0.72,4.8,93.83,0.6,0
0.2633,0.19,165.83,1.59,1,-3.19,3.97,94.49,0.5,0
0.2583,0.1,181.5,1.04,0,-2.31,-0.37,98.01,0.4,1
0.2558,0.09,323.31,0.7,0,-0.87,3.97,96.67,0.3,2.1
0.2571,0.29,255.55,2.24,2.07,2.16,9.08,93.97,0.4,0.2
0.2565,0.1,339.06,0.73,0,2.84,7.05,87.8,0.5,0
0.254,0.18,416.19,1.33,0,6.17,8.45,80.15,0.6,0
0.251,0.1,620.1,0.93,0.39,3.27,6.92,84.14,0.7,8
0.262,0.16,418.05,1.5,1.39,0.2,5.5,87.64,0.8,15.8
0.2786,0.22,467.25,1.77,1.25,-0.23,2.86,87.48,0.9,2.2
0.2871,0.09,542.45,0.57,0.13,-0.12,5.92,90.19,1,11.1
0.2895,0.08,381.48,0.61,0.09,-2.05,1.79,93.47,1.1,10.8
0.2875,0.26,372.98,2.3,2.26,0.33,2.15,92.58,0.9875,0.8
0.2875,0.1,581.24,0.56,0,0.51,6.91,89.78,0.875,14.3
0.2955,0.19,483.34,1.77,1.15,0.66,5.18,89.12,0.7625,0.2
0.2836,0.16,221.01,1.32,0.44,1.27,4.99,89.47,0.65,0
0.2763,0.35,232.88,3.08,4.16,-0.25,5.87,92.44,0.5375,2.9
0.2772,0.39,311.42,3.18,3.9,-1.45,4.52,94.63,0.425,8.2
0.2867,0.16,264.78,1.26,0.17,1.28,7.4,93.58,0.3125,0.2
0.2805,0.21,207.96,1.59,0.28,2.42,7.05,94.62,0.2,0.9
0.2741,0.1,174.15,0.95,0.06,5.2,8.22,97.45,0.2875,0.8
0.2701,0.11,196.16,0.89,0,7.06,9.61,98.26,0.375,3.1
0.2716,0.11,157.4,0.68,0.03,8.37,9.64,97.97,0.4625,0.6
0.2712,0.1,473.41,0.55,0,8.13,9.61,91.17,0.55,0
0.2673,0.1,557.87,0.72,0.1,8.19,9.97,87.4,0.6375,0
0.2631,0.1,540.61,0.76,0,3.96,8.67,83.35,0.725,1.2
0.2593,0.31,551.27,2.1,1.88,3.82,7.58,81.17,0.8125,1.8
0.2599,0.22,378.46,1.68,1.02,2.26,6.97,84.87,0.9,2.4
0.2631,0.37,390.89,3.26,4.09,0.7,5.03,83.29,0.8,0
0.2637,0.18,474.82,1.44,1.39,-0.86,5.89,88.34,0.7,10.8
0.2837,0.14,559.96,1.02,0.12,3.33,12.66,84.79,0.6,8.5
0.2971,0.22,603.14,1.17,0.17,8.31,14.25,85.88,0.5,8.5
0.3026,0.3,495.93,2.21,1.85,4.76,8.83,84.95,0.4,10.5
0.3024,0.21,442.74,1.65,0.29,4.4,8.56,88.9,0.5875,14.1
0.3072,0.12,839.15,1.02,0.35,5.87,11.44,76.96,0.775,3.1
0.2996,0.11,549.22,0.86,0.07,6.23,11.44,83.55,0.9625,2.5
0.2947,0.26,417.16,2.03,0.96,4.03,9.23,85.64,1.15,1.9
0.2928,0.19,250.09,1.52,0.22,0.49,6.1,92.2,1.3375,0.2
0.2839,0.35,565.07,3.13,4.05,0.6,3.77,81.3,1.525,0
0.2756,0.26,475.53,2.39,2.32,1.11,4.61,80.74,1.7125,0
0.2704,0.21,235.12,1.88,0.47,0.8,6.56,90.14,1.9,0.8
0.2688,0.2,241.18,1.64,0,5.81,8.64,89.02,1.8,2.4
0.2707,0.2,119.27,1.39,0.35,2.71,7.82,96.78,1.7,0.1
0.2674,0.1,106.75,0.85,0,4.33,5.33,96.09,1.6,0
0.2635,0.22,236.2,1.74,0.78,2.23,6.44,86.72,1.5,0
0.2595,0.49,316.56,4.19,6.45,0.98,5.47,79.5,1.4,0
0.2578,0.11,579.52,1.04,0,0.85,7.64,86.34,1.3,9.1
0.2778,0.29,484.37,2.45,1.89,2,6.94,82.76,1.2,7
0.2833,0.29,495.72,2.26,1.86,1.1,5.27,81.53,1.1,6.7
0.287,0.23,654,1.77,0.52,0.67,10.74,83.63,1.025,8.2
0.2924,0.41,344.09,3.68,3.88,1.02,5.81,88.25,0.95,3.8
0.2961,0.13,240.72,1.25,0.06,0.64,3.57,94.52,0.875,2.5
0.2936,0.48,249.74,4.41,4.85,0.23,6.13,89.22,0.8,2.9
0.2918,0.41,312.3,2.94,0.91,1.82,8.6,90.04,0.725,0
0.2838,0.4,450.75,2.87,1.19,5.41,11.13,84.98,0.65,0.2
0.2775,0.3,662.98,1.81,0.46,8.05,14.01,81.22,0.575,0.9
0.2729,0.24,302.25,1.94,0.03,5.73,9.3,89.85,0.5,1.1
0.2704,0.38,134.79,2.81,1.13,1.52,7.4,94.9,0.5375,0
0.2666,0.5,388.54,3.74,3.95,2.96,7.49,84.95,0.575,1.2
0.2638,0.37,549.88,2.56,0.96,5.51,11.19,90.67,0.6125,0
0.2623,0.15,571.71,1.15,0,2.94,10.7,84.89,0.65,3.6
0.2637,0.6,227.92,4.6,5.19,0.17,7.45,91.81,0.6875,3.2
0.2858,0.1,526.66,0.81,0.03,1.82,9.65,91.22,0.725,14.4
0.3091,0.31,419.55,2.48,2.34,0.65,5.26,87.75,0.7625,5
0.3101,0.36,306.59,2.96,1.6,0.94,6.24,89.75,0.8,0.5
0.3032,0.46,222.1,3.71,1.32,-0.65,5.4,91.87,0.8,0
0.2936,0.3,356.84,2.91,1.62,-0.69,2.37,81.41,0.8,0.3
0.2847,0.79,374.31,7.47,7.59,-2.78,3.71,81.2,0.8,0
0.2778,0.44,310.83,4.46,3.07,-4.38,0.69,79.82,0.8,0
0.2714,0.76,205.24,7.99,8.15,-6.52,1.7,75.23,0.8,0
0.262,0.74,170.4,7.82,7.09,-8.12,3.35,80.13,0.8,0
0.2555,0.59,364.31,5.51,4.74,-3.12,2.75,79.63,0.8,0.2
0.2601,0.4,328.43,3.43,2.53,0.84,6.33,86.64,0.8,4.3
0.2719,0.54,532.16,4.18,2.9,0.65,7.3,84.79,0.775,1.9
0.2736,0.82,352.26,7.2,6.73,-1.36,5.8,79.63,0.75,0
0.2676,1.01,361.2,8.97,8.77,-1.81,6.31,70.91,0.725,0
0.2619,1.05,387.1,9.29,8.9,-2.69,5.83,62.21,0.7,4.6
0.2658,0.23,361.54,1.88,0.54,-0.6,8.78,91.96,0.675,0.8
0.2726,1.06,217.31,9.15,8.74,-2.84,8.47,83.83,0.65,0
0.2671,0.7,167.33,6.25,4.58,-4.88,6.55,82.51,0.625,0
0.2616,1.03,183.03,9.4,8.54,-4.67,7.5,82.16,0.6,0
0.2584,0.5,158.33,4.36,1.62,-2.58,3.99,81.84,0.6,0
0.2571,0.69,199.59,6.44,4.22,-3.93,5.22,79.76,0.6,0
0.2546,1.08,277.11,10.11,9.27,-4.19,4.74,75.36,0.6,0
0.251,1.17,403.91,10.79,9.37,-3.42,5.07,69.68,0.6,0
0.2475,1.16,448.66,11.09,9.01,-3.55,3.42,67.68,0.6,0
0.2431,1.11,552.66,10.64,9.15,-4.3,3.87,54.22,0.6,0
0.2367,1.15,498.58,11.8,9.64,-5.21,1.15,52.68,0.6,0
0.2246,0.73,438.69,8.06,5.69,-5.84,0.08,68.38,0.6,0
0.1716,0.96,349.51,11.39,9.12,-8.49,-0.02,67.48,0.55,0
0.108,0.93,549.06,11.02,9.05,-9.16,-2.77,60.02,0.5,0
0.0869,0.78,760.84,8.82,6.17,-7.53,0.46,45.79,0.45,0
0.0863,0.56,619.32,6,2.43,-6.73,-0.05,55.57,0.4,1.9
0.0952,0.72,365.48,6.97,3.46,-3.67,1.78,77.85,0.35,0
0.1066,1.13,335.53,8.78,3.34,-0.62,11.38,78.7,0.3,1.6
0.1321,1.41,311.02,10.38,7.81,2.05,12.39,77.15,0.25,0
0.2012,0.99,193.55,7.59,2.63,-0.69,11.69,80.34,0.2,0
0.2532,0.7,247.46,5.57,1.31,-0.79,9.96,87.97,0.25,2.3
0.262,0.57,487.68,4.45,2.93,1.45,8.33,84.1,0.3,4.4
0.2636,1.14,280.27,8.75,4.16,1.34,10.79,83.2,0.35,5.3
0.2722,0.95,322.05,6.41,0.6,7.34,15.85,85.47,0.4,0.8
0.2649,0.86,286.13,5.67,2.19,6.38,15.63,84.88,0.45,0
0.26,1.12,323.21,7.73,3.68,6.69,14.96,82.45,0.5,7
0.2745,0.26,371.76,2.03,0.05,4.09,9.02,92.66,0.55,2.9
0.2749,1.72,257.37,13.14,8.06,-0.01,11.52,79.26,0.6,0
0.2663,0.98,439.49,7.19,3.34,3.65,11.32,72.81,0.6,3.7
0.2734,0.31,389.55,2.27,0,0.19,7.15,90.43,0.6,2.4
0.2698,0.42,742.84,4.24,0,-2.9,0.18,69.2,0.6,0
0.2576,0.61,649.96,6.49,1.9,-3.13,0.66,51.91,0.6,0
0.2504,1.72,435.21,16.52,10.39,-4.37,4.35,45.96,0.6,0
0.2483,1.98,393.42,16.74,9.73,-4.4,9.18,60.6,0.6,0
0.2514,1.02,217.56,8.78,3.08,-2.98,7.45,77.18,0.6,1.7
0.2531,0.5,338.29,3.83,0.72,2.91,9.57,87.71,0.6,1
0.2525,0.63,347.93,4.74,0.16,4.57,7.36,80.58,0.6375,0
0.25,1.82,200.86,13.7,6.8,1.04,12.53,69.96,0.675,0
0.2466,1.85,176.71,14.1,7.49,-2.12,13.79,71.39,0.7125,0
0.2441,1.54,168.42,12.13,4.8,-0.12,11.67,81.08,0.75,0.2
0.2424,0.89,268.17,6.89,1.94,-0.47,10.65,84.6,0.7875,3.8
0.2591,0.44,301.44,3.39,0.02,3.33,9.05,91.93,0.825,10.5
0.2864,1.61,299.96,12.13,5.61,3.12,10.74,75.05,0.8625,1.8
0.2756,2.04,332.01,14.37,6.38,4.8,14.22,70.97,0.9,3.1
0.279,1.7,158.5,12.47,5.46,1.49,12.84,80.93,1,4.8
0.282,0.53,208.02,3.83,0.08,-0.06,8.18,90.93,1.1,10.5
0.2775,1.22,316.06,8.79,1.03,-0.26,13.45,76.23,1.2,14
0.2755,1.96,490.05,12.43,4.37,9.17,17.54,73.18,1.3,3.1
0.2704,1.09,347.18,7.35,1.87,6.92,14.73,80.91,1.4,2.5
0.2819,1.24,429.06,9.46,4.27,0.08,9.82,77.83,1.5,1.9
0.2789,2.85,391.09,20.06,11.59,-0.05,15.83,56.4,1.6,0.2
0.2671,2.98,297.67,18.21,11,7.57,22.63,56.62,1.7,0
0.2602,2.55,145.78,15.5,6.96,7.18,24.07,64.84,1.625,0
0.2544,1.56,275.46,9.77,0.88,9.84,18.35,74.05,1.55,0.8
0.2519,1.79,230.44,10.95,2.46,10.33,19.38,72.79,1.475,2.4
0.2828,0.71,161.28,5.22,1.67,7.38,14.5,93.81,1.4,0.1
0.2765,1.42,254.4,9.31,2.73,6.7,16.36,87.13,1.325,0
0.2673,1.44,177.12,9.64,0.58,3.34,15.7,86.04,1.25,0
0.2601,2.46,142.96,15.71,5.77,6.36,17.75,76.91,1.175,0
0.2578,2.02,212.41,12.6,4.46,10.04,18.63,78.98,1.1,9.1
0.2532,2.51,213.7,16.14,7.92,5.4,17.43,76.4,1.0625,7
0.2458,3.41,202,21.49,12.09,3.61,21.75,68.89,1.025,6.6
0.2358,3.81,163.66,22.11,12.73,6.04,24.86,59.88,0.9875,8.2
0.2255,4.16,262.3,22.7,12.96,9.94,28.31,50.59,0.95,3.8
0.2077,3.86,206.21,21.38,12.37,10.65,28.18,59.09,0.9125,2.5
0.1942,3.69,191.74,22.28,11.79,8.39,23.12,67.76,0.875,2.9
0.173,3.32,233.04,19.35,9.85,10.27,27.08,68.24,0.8375,0
0.1567,3.08,366.99,19.22,8.93,8.37,17.94,68.5,0.8,0.2
0.1493,1.4,398.24,8.95,1.06,8.5,15.75,74.32,0.9125,0.9
0.1408,1.88,480.2,12.09,3.72,8.46,15.36,69.12,1.025,1
0.1318,2.54,422.57,17.37,8,4.93,14.95,71.93,1.1375,0
0.1324,2.56,203.49,16.87,6.26,2.66,17.58,62.49,1.25,1.2
0.1307,1.73,300.84,11.06,1.18,6.69,16.76,68.88,1.3625,0
0.1325,1.41,275.64,9.48,1.99,3.87,17.23,89.58,1.475,3.6
0.2107,1.31,484.84,8.83,1.48,5.63,15.11,84.28,1.5875,3.2
0.2525,2.64,484.41,18.53,7.27,5.15,13.85,67.3,1.7,14.4
0.2425,3.74,375.71,24.4,12.52,4.19,17.76,61.95,1.6375,5
0.2153,3.66,225.63,24.51,12.33,4.49,16.57,64.12,1.575,0.5
0.1891,3.97,240.07,25.81,13.84,2.75,19.05,63.37,1.5125,0
0.1697,4.35,330.41,26.39,14.01,6.18,22.52,53.53,1.45,0.3
0.1397,4.7,268.9,26.89,14,7.45,26.11,50.35,1.3875,0
0.1101,4.76,221.5,26.71,14.04,9.65,26,53.24,1.325,0
0.0874,4.79,190.44,26.39,13.81,10.51,27.59,51.53,1.2625,0
0.0709,4.43,221.85,23.38,13.02,10.27,27.8,59.73,1.2,0
0.0618,2.08,311.14,13.32,4.49,6.15,17.9,76.17,1.2,0.2
0.0544,3.52,172.7,22.21,9.96,3.34,19.96,68.57,1.2,4.3
0.0494,3.99,203.47,22.74,9.07,8.07,24.18,57.84,1.2,1.8
0.0465,0.94,286.66,5.96,0.09,11.66,15.94,86.6,1.2,0
0.0444,3.75,280.79,21.13,8.73,11.57,26.45,71.04,1.2,0
0.0422,4.63,262.4,25.99,13.19,11.35,24.92,53.73,1.2,4.7
0.0386,2.99,357.94,17.71,7.07,9.94,22.38,69.23,1.2,0.7
0.0349,4.21,366.6,27.32,11.95,6.69,17.81,65.53,1.2,0
0.0312,3.21,249.82,21.45,6.96,4.7,17.29,68.76,1.25,0
0.0288,2.03,136.24,13.52,3.62,4.18,16.19,79.46,1.3,0
0.0275,4.51,227.6,26.31,12.6,6.08,24.89,64.33,1.35,0
0.026,4.32,312.23,24,9.96,10.28,25.78,53.8,1.4,0
0.0255,3.04,191.06,17.54,6.28,10.69,24.9,77.4,1.45,0
0.0259,2.98,259.21,16.64,4.94,14.57,24.62,70.24,1.5,0
0.0254,2.72,313.84,15.35,3.53,14.2,23.45,71.3,1.55,0
0.026,4.23,156.81,22.9,10.15,13.72,26.42,72.64,1.6,0
0.0254,4.85,246.22,25.68,12.35,13.87,28.94,61.62,1.65,0
0.0237,2.52,236.82,13.64,4.29,15.66,27.12,71.96,1.7,0
0.0231,4.95,206.98,25.9,11.99,13.98,29.41,65.68,1.75,0
0.0228,3.42,220.13,18.08,6.88,16.38,30.28,76.15,1.8,0
0.0215,4.25,139.84,22.76,10.77,15.7,27.68,74.76,1.85,0
0.0199,2.86,150.68,15.72,5.76,15.62,26.26,82.17,1.9,1.9
0.0202,1.18,229.82,5.81,0.53,14.99,20.78,93.68,1.95,0
0.0225,2.1,235.57,12.15,2.88,14.19,21.12,84.72,2,1.6
0.0238,3.59,132.83,20.08,7.02,13.4,25.13,78.25,2.0125,0
0.0243,4.14,256.3,22.93,9.65,13.63,24.73,79.63,2.025,0
0.024,2.32,226.91,13.53,5.01,12.79,20.64,80.44,2.0375,2.4
0.0237,5.33,205.76,28.83,14.85,11.51,28.86,65.18,2.05,4.3
0.0261,4.14,167.62,22,8.4,14.42,29.16,70.15,2.0625,5.3
0.0665,1.92,180.04,10.74,1.65,17.03,22.44,87.56,2.075,0.8
0.1032,4.63,201.39,25,10.4,16,26.61,75.3,2.0875,0
0.1032,4.37,249.58,24.1,9.85,15.2,25.22,75.07,2.1,6.9
0.092,4.32,348.16,24.43,8.64,12.87,23.91,68.45,1.9875,2.9
0.079,1.86,283.66,11.32,0.91,11.64,19.11,76.33,1.875,0
0.0693,2.32,214.63,14.29,2.68,9.23,18.85,74.64,1.7625,3.8
0.0615,2.62,294.27,15.77,4.38,8.49,21.35,80.39,1.65,2.5
0.0605,4.04,128.22,22.83,8.72,11.28,24.49,71.88,1.5375,0
0.0578,3.35,239.28,19.16,4.71,12.43,24.82,69.01,1.425,0
0.0528,2.08,331.27,12.39,2.1,12.57,18.92,70.13,1.3125,0.1
0.0498,1.77,339.02,10.18,2.03,13.12,21.53,76.04,1.2,0
0.0476,1.57,240,8.81,0,13.77,21.59,81.16,1.3375,1.7
0.0463,4.47,251.22,24.29,10.72,13.84,27.66,72.19,1.475,1
0.0426,3.42,431.78,20.94,7.97,9.21,18.37,67.2,1.6125,0
0.0372,2.21,379.77,14.18,3.54,8.66,17.11,69.47,1.75,0
0.0346,2.18,186.44,13.35,3.43,7.69,20.31,73.12,1.8875,0
0.0338,2.51,224.64,15.23,2.26,9.07,19.42,76.63,2.025,0.2
0.0326,3.52,240.06,20.44,7.66,11.76,23.16,71.18,2.1625,3.8
0.0356,4.69,234,27.59,11.3,8.31,24.23,70.6,2.3,10.5
0.078,5.01,278.24,27.61,13.61,10.17,27.46,65.79,2.2,1.8
0.0932,5.19,294.66,27.38,14.17,13.04,28.69,54.35,2.1,3
0.0918,5.54,310.79,30.04,15.46,13.5,28.96,57.78,2,6
0.0835,5.57,328.38,29.67,15.16,12.77,28.78,51.05,1.9,0.9
0.0701,5.74,438.38,30.88,15.28,15.01,27.12,35.24,1.8,1.4
0.0572,5.65,344.74,30.7,15.29,11.51,27.75,37.85,1.7,0.5
0.0475,5.51,242.71,29.26,15.18,12.92,30.03,47.07,1.6,6.2
0.0417,4.4,200.81,23.52,9.9,14.67,29.12,58.28,1.5,0.2
0.0362,4.83,221.89,26.3,11.05,13.79,27.65,63.84,1.5125,0
0.0322,3.71,195.66,20.22,7.29,13.73,27.08,65.6,1.525,0
0.0285,4.88,222.61,26.85,12.84,11.77,27.38,51.31,1.5375,0
0.0246,5.02,253.66,28.19,14.6,10.29,26.42,59.61,1.55,0
0.022,3.23,241.02,18.23,5.64,10.56,24.96,69.97,1.5625,21.7
0.0346,1.96,346.14,11.59,4.07,12.46,21.26,70.34,1.575,0.2
0.0537,3.46,261.67,19.92,8.11,9.27,24.1,68.59,1.5875,0
0.0633,4.55,261.57,24.79,11.43,13.06,27.39,68.48,1.6,0
0.0587,4.75,181.86,26.31,11.6,10.75,27.22,67.3,1.6,1.8
0.0507,5.23,211.26,28.66,14.55,12.59,27.38,62.2,1.6,0
0.0422,5.32,195.37,28.37,14.69,11.68,29.42,52.13,1.6,0
0.0346,5.23,174.3,27.34,13.97,12.51,30.75,47.74,1.6,0
0.0299,4.64,260.96,25.08,12.31,11.92,28.4,58.93,1.6,0
0.0246,3.91,147.3,21,9.78,10.23,26.79,58.6,1.6,0
-0.0309,3.91,164.11,21.08,8.31,12.44,28.7,57.74,1.6,0
-0.1355,4.62,168.67,25.11,10.29,10.95,27.98,59.48,1.6,0
-0.1364,4.63,197.79,24.54,11.53,15.12,29.4,61.15,1.55,2.9
-0.1382,4.16,198.53,22.37,11.21,13.38,29.22,62.96,1.5,0
-0.1386,4.61,110.24,23.99,11.35,14.22,31.06,62.31,1.45,1.2
-0.1385,4.48,158.53,22.84,10.62,16,33.25,55.54,1.4,4.5
-0.1388,4.51,253.58,22.3,10.71,18.99,33.84,53.37,1.35,0.5
-0.139,4.56,185.81,22.38,9.05,18.39,36.77,52.52,1.3,0
-0.1399,5.48,265.49,26.31,13.41,21.28,36.33,35.03,1.25,1.1
-0.1361,3.14,285.99,16.78,6.97,11.98,27.71,65.22,1.2,35
-0.1389,3.4,310.25,17.88,4.81,12.61,29.47,49.82,1.225,8.2
-0.1389,4.64,270.78,23.4,10.2,18.06,33.16,54.13,1.25,0
-0.1397,4.18,269.16,21.9,10.41,15.55,30.23,63.49,1.275,0
-0.1409,3.87,158.38,20.59,8.93,12.38,29.97,57.11,1.3,0
-0.1403,4.65,191.58,23.82,12.42,15.61,32.62,56.18,1.325,0
-0.1404,4.95,200.78,24.97,13.86,15.46,34.36,51.57,1.35,0
-0.1401,4.37,264.37,22.6,10.47,17.33,31.78,61.94,1.375,0
-0.1411,4.75,234.22,25.68,13.21,15.1,27.99,63.77,1.4,0
-0.1413,4.94,155.98,25.36,13.83,13.38,33.71,52.56,1.35,0
-0.1408,4.87,158.86,24.12,12.35,14.28,36.38,45.92,1.3,2.9
-0.1367,2.44,348.67,13.31,3.97,11.57,25.36,70.82,1.25,0
-0.1042,1.73,366.33,9.83,3.65,10.32,23.93,80.85,1.2,0
-0.1127,3.49,445.32,19.87,9.95,12.43,23.68,63.66,1.15,1.2
-0.1221,3.62,276.54,21.41,11.83,10.78,22.74,69.25,1.1,3.5
-0.14,3.79,228.07,20.61,7.76,11.56,28.53,54.92,1.05,0
-0.0843,1.61,266.69,9.05,2.62,15.81,22.08,86.31,1,0
-0.0828,2.78,306.97,15.47,5.53,16.15,25.42,76.11,1.025,0
-0.1288,1.84,267.29,10.28,1.55,14.96,23.74,79.6,1.05,0
-0.1352,3.06,236.48,16.86,6.99,13.83,26.55,73.67,1.075,0
-0.0747,2.94,158.87,16.74,7.48,11.83,24.3,76.76,1.1,0
-0.1157,3,231.52,17.14,8.28,10.12,23.42,73.6,1.125,0
-0.1341,3.32,313.15,18.39,8.7,13.56,25.58,73.12,1.15,2.8
-0.1349,1.38,201.13,7.56,0.77,17.97,23.64,79.78,1.175,4.3
-0.1365,3.16,105.24,16.93,6.86,15.51,27.59,74.54,1.2,1
-0.1379,3.46,139.6,18.36,9.84,14.04,27.76,76.7,1.225,0.5
-0.1366,2.4,267.49,13.42,4.51,12.59,24.09,81.44,1.25,0
-0.1252,2.52,331.7,15,5.76,12.76,20.78,66.94,1.275,0
-0.1111,2.38,304.85,15.28,7.87,7.86,18.51,81.95,1.3,2.4
-0.1229,2.73,308.02,16.74,7.41,5.91,20.66,67.42,1.325,0
-0.1314,1.81,403.91,10.48,1.98,13.29,21.37,77.48,1.35,0.7
-0.14,2.57,167.01,14.82,7.48,11.68,22.28,73.52,1.375,0
-0.1171,1.65,186.35,9.6,3.13,10.21,23.7,82.2,1.4,2.5
-0.0996,2.76,233.02,16.56,8.46,9.15,21,75.4,1.3875,6.9
-0.1333,2.36,139.67,14.89,5.68,8.07,19.83,75.36,1.375,0
-0.1406,2.94,140.94,18.2,10.69,5.91,21.32,70.75,1.3625,0
-0.1417,3.33,249.17,19.32,11.69,8.31,23.73,65.57,1.35,0
-0.1402,1.32,159.51,7.32,1.26,15.88,22.07,80.24,1.3375,0
-0.137,2.51,107.04,13.63,4.81,16.7,26.16,82.86,1.325,0
-0.1366,2.27,165.18,12.27,2.18,15.93,26.12,80.14,1.3125,22.4
-0.0864,1.41,163.58,8.22,2.8,12.22,20.9,89.57,1.3,3
-0.0932,2.29,329.68,13.98,7.48,9.87,18.66,74.98,1.2875,0
-0.1219,2.11,275.32,12.96,5.3,9.23,19.65,73.6,1.275,0
-0.1374,2.58,232.95,14.7,5.9,12.96,24.51,67.02,1.2625,0
-0.1387,1.59,230.86,9.28,1.69,13.62,21.72,78.6,1.25,0.3
-0.1392,2.96,409.29,16.31,9.65,14.09,26.11,68.42,1.2375,0
-0.1387,0.77,249.11,4.84,0.04,13.05,20.13,87.8,1.225,1.5
-0.1327,2.34,164.73,14.31,6.7,7.29,20.01,75.14,1.2125,0
-0.1416,2.51,184.65,16.01,8.99,4.39,20.7,72.84,1.2,0
-0.1406,2.08,219.1,12.64,6.81,9.38,20.53,77.29,1.2,0
-0.1415,2.42,157.94,14.44,7.87,8,23.42,73.14,1.2,0
-0.1414,2.83,162.02,16.54,10.93,8.22,26.16,64.79,1.2,0
-0.1418,3,339.46,16.44,11.51,13.05,28.86,59.61,1.2,0
-0.1415,2.64,339.09,14.59,9.73,13.02,26.09,69.1,1.2,0
-0.1419,2.53,363.73,13.85,8.27,14.08,25.39,64.58,1.2,0
-0.1433,1.57,579.79,9.37,4.5,11.07,20.6,66.19,1.2,0.1
-0.1264,1.11,327.98,7.19,1.53,9.84,16.46,84.37,1.2,0
-0.075,0.38,243.96,2.52,0.15,7.25,11.82,95.28,1.2,0
-0.0891,1.79,222.79,12.57,8.44,4.05,15.5,80.4,1.2,0
-0.1031,2.04,96.26,14.44,10.1,2.1,16.2,78.55,1.2,0
-0.1184,2.15,209.68,14.44,8.87,3.99,19.35,69.59,1.2,0
-0.1323,2.4,162.79,15.11,10.76,5.65,22.51,68.89,1.2,0
-0.1366,1.26,265.28,8.39,4.01,3.74,16.74,75.26,1.2,0
-0.1416,1.92,98.29,13.98,10.38,0.81,15.67,76.84,1.2,0
-0.1415,1.86,125.66,12.87,7.93,-0.49,17.3,75.74,1.2,0
-0.1244,1.47,260.77,10.22,6.65,5.65,13.77,80.66,1.1875,0
-0.1201,0.67,355.76,4.51,2.27,7.15,16.11,84.56,1.175,0
-0.1353,1.65,219.88,10.71,7.23,6.92,16.8,77.21,1.1625,0
-0.138,1.41,224.51,8.66,4.59,8.37,18.82,81.69,1.15,0
-0.1394,2.06,126.93,13.19,10.18,6.24,22.29,79.34,1.1375,0
-0.1395,2.01,205.69,12.12,9.66,7.46,23.97,77.28,1.125,0
-0.1413,1.74,289.14,11.88,7.9,3.12,15.59,76.66,1.1125,0
-0.144,1.58,103.86,11.13,8.77,1.34,17.52,81.04,1.1,3
-0.1427,1.8,95.06,11.96,7.84,3.12,19.79,80.83,1.1125,0
-0.1412,1.98,234.01,11.93,9.55,5.51,24.06,74.11,1.125,0
-0.1408,1.53,268.11,8.8,6.08,10.88,24.24,70.66,1.1375,0
-0.0937,1.8,326.36,10.04,8.22,14.21,24.79,71.6,1.15,0
-0.0891,1.99,289.52,10.73,9.35,14.86,27.24,63.03,1.1625,0
-0.1156,1.85,317.61,10.42,8.43,13.42,26.04,58.87,1.175,0
-0.134,1.61,195.87,9.25,6.86,10.03,24.71,64.74,1.1875,0
-0.1367,1.39,122.34,8.46,6.19,7.96,25.05,72.25,1.2,0
-0.1365,1.45,124.99,8.87,8.63,8.5,21.03,83.01,1.0875,0
-0.1369,0.61,244.4,4.07,1.04,9.04,16.07,83.52,0.975,0.3
-0.1405,1.34,188.66,9.02,6.82,4.47,16.86,82.91,0.8625,0
-0.1414,1.16,77.08,8.45,6.9,0.71,15.39,85.49,0.75,0
-0.1414,1.22,94.33,8.5,7.83,2.45,16.8,80.26,0.6375,0
-0.1354,1.05,230.95,6.77,5.08,1.66,16.23,79.73,0.525,0
-0.1394,0.59,423.81,3.96,1.27,1.94,15.03,79.42,0.4125,0
-0.1188,0.55,336.95,3.47,1.43,12.35,15.85,88.96,0.3,0
-0.1117,0.39,270.77,2.46,0.13,10.47,13.46,83.65,0.4125,0.5
-0.1145,0.37,373.47,2.71,0.3,4.34,11.75,87.27,0.525,1.8
-0.0731,0.99,231.14,7.53,7.15,1.52,11.56,87.45,0.6375,0
-0.0977,0.85,429.88,6.85,6.04,1.56,7.37,78.51,0.75,0
-0.127,0.2,429.23,1.74,0,2.29,6.26,84.24,0.8625,0
-0.047,0.39,480.9,3,0.44,3.44,9.04,90.68,0.975,0
-0.0653,0.9,306.23,6.44,5.28,3.35,11.14,79.82,1.0875,0
-0.0643,0.38,278.69,2.65,0.03,7.58,12.4,81.92,1.2,0
-0.0676,0.97,258.54,6.9,6.67,0.96,11.71,84.24,1.25,0
-0.0922,0.78,140.01,6.52,7.47,-1.85,10.02,89.44,1.3,0
-0.1042,0.86,166.45,6.67,6.81,-1.86,12.81,88.98,1.35,0
-0.0893,0.65,176.54,4.57,3.5,4.32,12.25,92.53,1.4,2
-0.0928,0.96,209.01,6.16,5.87,5.65,18.39,80.82,1.45,0
-0.0908,0.59,359.62,3.73,2.45,7.84,14.78,78.74,1.5,18.6
-0.0879,0.97,246.76,6.75,7.76,4.15,13.5,82.27,1.55,4.8
-0.0926,0.6,235.67,4.09,2.79,4.9,12.72,85.88,1.6,0
-0.0592,0.2,410.33,1.26,0.22,10.14,13.67,86.61,1.675,2.2
-0.0385,0.36,428.3,2.29,0.56,9.81,13.83,84.91,1.75,14
-0.0278,0.18,181.02,1.24,0.13,8.54,11.42,95.32,1.825,0
-0.0478,0.65,397.79,4.38,4.71,6.5,13.1,86.43,1.9,0
-0.0621,0.78,209.31,5.7,7.85,3.05,12.83,89.36,1.975,12.3
-0.0637,0.78,193.73,5.97,7.49,1.98,12.17,88.72,2.05,0
-0.0747,0.65,190.05,5.48,6.83,-1.51,10.46,86.8,2.125,0
-0.0797,0.71,336.84,5.89,7.64,0.18,9.39,77.64,2.2,0
-0.1066,0.7,368.27,5.58,6.98,-1.51,7.03,69.99,2.05,0
-0.1035,0.3,511.08,2.34,1.21,1.3,6.77,80.12,1.9,0
-0.1242,0.19,545.36,1.41,0.06,1.83,4.55,73.76,1.75,0
-0.1384,0.4,274.97,3.29,2.65,1.36,5.49,83.1,1.6,1.9
-0.1415,0.27,203.48,2.44,2.08,-1.33,5.29,86.65,1.45,2.7
-0.1435,0.51,195.91,4.32,5.09,-2.3,8.39,88.61,1.3,1.8
-0.1322,0.1,204.64,1.01,0,-0.31,3.43,95.59,1.15,1.5
-0.1097,0.11,252.33,0.8,0,2.2,4.26,95.98,1,0
-0.0957,0.18,279.22,1.35,0,3.1,6.33,89.96,1.0875,0
-0.1057,0.23,193.99,1.87,0.42,1.25,5.33,87.1,1.175,14.3
-0.0918,0.21,417.24,1.5,0,1.75,9.41,86.56,1.2625,0
-0.0448,0.13,430.3,0.97,0.77,8.68,10.95,83.1,1.35,0
-0.0646,0.41,375.71,2.93,2.09,5.98,11.72,83.25,1.4375,0
-0.0674,0.36,448.7,2.55,1.69,4.96,10.01,88.62,1.525,0
-0.0154,0.12,470.45,0.72,0,9.39,13.86,93.8,1.6125,0
0.0059,0.32,456.89,2.09,1.72,7.87,13.44,88.87,1.7,4.8
-0.0262,0.49,139.53,4.01,5.34,-0.02,9.1,90.09,1.975,4.6
-0.0406,0.23,261.1,1.68,0.06,0.51,8.79,90.84,2.25,3.5
-0.0351,0.12,425.48,1.06,0,8.41,12.66,93.23,2.525,0
-0.0058,0.12,572.44,0.73,0,5.84,12.21,90.6,2.8,0
-0.0032,0.16,688.9,1.05,0.28,5.77,10.72,82.89,3.075,0
0.0172,0.26,520.21,1.81,1.43,4.91,9.69,85.29,3.35,0
-0.0064,0.25,291.47,2.13,2.22,1.89,7.28,86.59,3.625,0
-0.0281,0.35,169.39,2.97,3.61,-0.91,7.5,86.75,3.9,1.6
-0.0652,0.19,151.92,1.88,0.44,-2.8,4.34,93.58,3.6,0
-0.0986,0.39,313.76,3.74,6.31,-1.17,2.95,87.09,3.3,0
-0.0961,0.16,220.72,1.46,0.57,-1.35,1.85,88.03,3,0
-0.0909,0.1,321.74,1.09,0.02,-0.5,0.97,70.77,2.7,0
-0.0572,0.09,276.39,0.94,0,-0.84,3.35,95.87,2.4,0
-0.0038,0.14,325.56,1.08,0.69,2.45,8.06,94,2.1,0
-0.0311,0.4,366.87,3.11,6.07,3.94,8.31,83.06,1.8,0
-0.0406,0.22,355.86,1.79,0.57,4.98,9.92,85.03,1.5,1.5
-0.0425,0.15,436.44,1.12,0.03,5.75,8.65,87.66,1.35,1.7
0.024,0.12,640.46,0.77,0,7.74,13.17,84.93,1.2,5.6
-0.0057,0.21,442.25,1.54,0.71,7.37,11.11,86.37,1.05,14.7
0.0111,0.1,289.31,0.7,0,5.71,9.44,95.88,0.9,0.9
0.0076,0.48,165.19,3.81,5.42,0.13,7.41,88.18,0.75,0
-0.0289,0.32,247.5,2.42,1.81,-1.92,6.03,86.73,0.6,0
-0.0633,0.26,201.32,2.11,1.93,-2.11,4.33,91.07,0.45,0
-0.0655,0.29,102.82,2.6,2.75,-2.54,5.26,86.1,0.3,0
-0.0833,0.17,190.36,1.66,1.39,-3.99,3.2,93.04,0.28,0
-0.0492,0.12,431.56,1.01,0,2.87,9.77,91.4,0.26,0.2
-0.045,0.2,272.3,1.47,0.03,5.09,8.93,90.82,0.24,1.9
-0.0281,0.12,232.93,1.06,0.12,7.42,9.83,95.13,0.22,0.4
